﻿<?xml version="1.0"?>
<doc>
<assembly>
<name>
FloatConfigurator
</name>
</assembly>
<members>
<member name="T:FloatConfigurator.My.Resources.Resources">
<summary>
  A strongly-typed resource class, for looking up localized strings, etc.
</summary>
</member>
<member name="P:FloatConfigurator.My.Resources.Resources.ResourceManager">
<summary>
  Returns the cached ResourceManager instance used by this class.
</summary>
</member>
<member name="P:FloatConfigurator.My.Resources.Resources.Culture">
<summary>
  Overrides the current thread's CurrentUICulture property for all
  resource lookups using this strongly typed resource class.
</summary>
</member>
<member name="M:FloatConfigurator.Extensions.RunCMD(System.String,System.Boolean,System.Boolean,System.Boolean)">
 <summary>
 Extension method to run string as CMD command.
 </summary>
 <param name="command">[String] Command to run.</param>
 <param name="ShowWindow">[Boolean](Default:False) Option to show CMD window.</param>
 <param name="WaitForProcessComplete">[Boolean](Default:False) Option to wait for CMD process to complete before exiting sub.</param>
 <param name="permanent">[Boolean](Default:False) Option to keep window visible after command has finished. Ignored if ShowWindow is False.</param>
</member>
</members>
</doc>
